year,word,tf,idf,tfidf
2018,hongkong,0.003460118,2.351375257,0.008136035
2018,hongkongs,0.00057235,3.044522438,0.001742533
2018,br,0.00057235,3.044522438,0.001742533
2017,belt,0.001019215,1.098612289,0.001119722
2017,legco,0.000659492,1.658228077,0.001093588
2018,legco,0.000650398,1.658228077,0.001078508
2018,ems,0.000312191,3.044522438,0.000950473
2017,smart,0.000539585,1.658228077,0.000894754
2018,ydc,0.000260159,3.044522438,0.000792061
2018,dhc,0.000260159,3.044522438,0.000792061